drive_1,drive_2,drive_3,drive_4,T_TOP,T_MID,T_END,Z23
0.09,0.09,0.09,0.09,90,90,90,46.9927362809707
0.09,0.09,0.09,0.09,90,90,110,47.0129461248285
0.09,0.09,0.09,0.09,90,110,90,46.9676441173264
0.09,0.09,0.09,0.09,90,110,110,46.986647023696
0.09,0.09,0.09,0.09,110,90,90,46.7753958464413
0.09,0.09,0.09,0.09,110,90,110,46.7948996926182
0.09,0.09,0.09,0.09,110,110,90,46.7481245997765
0.09,0.09,0.09,0.09,110,110,110,46.7663631928916
